,precision,recall,f1-score,support
0,0.8695652173913043,1.0,0.9302325581395349,20.0
1,1.0,0.5,0.6666666666666666,6.0
accuracy,0.8846153846153846,0.8846153846153846,0.8846153846153846,0.8846153846153846
macro avg,0.9347826086956521,0.75,0.7984496124031008,26.0
weighted avg,0.8996655518394648,0.8846153846153846,0.8694096601073346,26.0
